login;saldo_strona
hallmann;63300
kubak;49467
burbon9;9376
raptusiewicz;7314
mligeza;7172
karolt;6401
wayward-dreams;6342
lpa;5647
grigorijj;5461
konslib;3695
twisniewski333;2987
protokaryon;3121
przemeksz;2615
szmulkberg;2173
rymwid;2129
prawdawtvmowili;2078
mk;2000
bartvng;2272
mciszczon;1712
filippal;1686
mynewart;1737
engrave;1428
rafal;1405
janwszolek;1384
mtik333;1357
radomirgs;1268
mmmmkkkk311;1190
avarski;1170
alicjamendrek;1562
vinece;1468
klc;1125
michuzet;1033
fsroka;1107
czyzu;1540
foggymeadow;882
patrycjak;803
natalia;860
kotul;835
wawrzyniec;790
wadera;787
toshirskij;935
oniriusz;850
thedarzya;851
anielka;678
wierzbik;618
danxios;536
kapitanpolak;611
krigers;600
oksana;577
romualdd;574
magdalenagubernat;570
malgub;570
virtus4;553
janhausner;540
marcon;524
erykkidacki;514
eugenegal;606
justynao;482
edwinedwin;457
onurgunes;441
grzesiekk;419
przybysz;391
piosko;386
matthewmtkpl;363
gtg;356
dawidpiotrowski;325
andrzej520715;324
berthordin;319
ewaengel;346
agni;289
basementdisco;288
sibelius;282
olusiu;280
rlip;245
kamil;261
bogdang;195
kbkach;227
bvlk;225
fpsf;224
xayu-s;209
anastasiia;202
dawidr;200
oligator;200
lilithu;195
fabianmysli;194
drd97;192
benedykt;190
klonowski;182
beatititis;174
pocichu;143
kenaj;177
annakraska;155
velmafia;175
cichociemny;175
sarmaticus;172
sylwir;165
kamil.ambrozy;162
becia13;150
kuba-madeja;150
arthurel;150
katetravel;150
radpie9203;150
drakkar;150
maciektr;163
lucjuszd;136
innomine;135
jocieprosza;133
brut-to;232
szyszek;130
ataraksja;130
pawelpakula;130
anialavender;127
trzaskal;125
pszuklow;124
czwartek;120
alicjab;119
kropka;116
stafhalr;115
venti;113
lukaszszala;109
nari49;156
tosia;105
jozefsekowski;98
favsti;203
legun;100
filipjankowski12;100
kruppe;100
mwlazlo;98
ergorg;98
yavad;97
zabrylka;95
kacper94;94
michalx2008x;92
madlend;92
foqs3;92
kaysh;89
sunriced56;103
ptaku;87
charles25;86
westa;85
hiacynt;82
spiros;80
makaroshka;80
litosci;80
karolusia;77
lesiopm;76
grafzero;75
lukaszpajak;75
hleblazovik17;51
lidil;71
mys;70
korczynska;69
aleksanderfurtak;65
kjensen;90
marmoladka;65
blind-spot;62
helcim;61
kufelhutnika;61
kamdul;55
bowess;57
darek.esz;113
jakubadamw;53
dotu;52
nausika;50
gilkam;50
tradipramen;50
htom;75
jtdziadosz;50
adam.ski;50
emiliagarbien;49
staryeudoksji;48
mededu;48
small.minion;47
cichoswiat;47
szymon1607;46
oabdelmetaal;45
margrzeta;45
panjanek;45
gonteix;-9
mtyszczak;43
kacper;43
jfilip;41
arturtynski;41
donpietro;40
kasian;40
apostolska;40
dawidgorski;40
kultywacja;40
jakubpodsiadlo;40
krag;35
torreamare;35
wojtyla;34
lukmarcus;34
olena;33
benedyktb;30
lukij;30
megliken;28
filipkru;28
postcardsfromlbn;28
lukzloty;28
simoon;28
dmklosowicz;28
bierny;28
nieczyne;27
szymonwiatr;27
caius;26
alkor77;26
michalinamio;226
grzesiek;25
kon.w0j;25
filipaz;25
belenzuka;25
agus2026;25
michalaniol;15
lulu;25
qmisiek;25
amadi93;25
borowski;23
lukaszsroczynski;20
damxios;20
pignys;20
santiagodepolonia;20
michaljp;20
gapjer;19
elzlonkiewicz;17
mkukier;17
ajanchy;16
jarr80;16
ryeman;15
filip223;15
galdun;15
maciek007;15
emteroo;14
janinachrzan;14
agat;13
karolb;13
elemes;12
herosik;12
rozku;12
szejq;12
kociata;11
katb359;11
jubed;11
gleblazovik17;10
maciejweigt;55
danzis;10
grzegorzniemkiewicz;10
hellebelle;10
ziemowitp;10
baro89;9
hrabiaeryk;8
aga.csln;8
arek-k;8
michal99;7
boredomnotes;7
kozieja;6
deepresearch;6
mendrekola;66
magpas;5
pepe20;5
monikasu;5
olazajac;5
global1010;5
marl.boroman;5
thomasward9;5
agullax;5
gwyddpel;3
kregulec;3
czcibor360;2
okolczuga;-5
herbacianymag;1
medrekola;0
wstawarz;0
filippaluch;0
michalrapala;0
emigarbien;0
kuba;0
ambrozykamil;0
mindmat;0
mkubera;0
ambrozy;0
drwal;0
madlen91;0
ania;0
dominicus;0
twszolek;0
sanuich;0
parkasiewicz;0
daryna;0
lorenzo;0
klararaptusiewicz;0
aniaes;0
pawianywychodzazesciany;0
heinz23;0
luc;0
rycer;0
pawelz01;80
olek;0
mynewlife;0
psypek;0
maksoo;-26
niewyspany;20
jarekk;20
dariat;10
klaudiaw;20
ptaszki;50
